"Dependency","Version","License"
"accepts","2.0.0","MIT"
"body-parser","2.2.0","MIT"
"bytes","3.1.2","MIT"
"call-bound","1.0.4","MIT"
"compressible","2.0.18","MIT"
"compression","1.8.1","MIT"
"content-disposition","1.0.0","MIT"
"content-type","1.0.5","MIT"
"cookie-signature","1.2.2","MIT"
"cookie","0.7.1","MIT"
"cors","2.8.5","MIT"
"debug","2.6.9","MIT"
"debug","4.4.3","MIT"
"depd","2.0.0","MIT"
"dotenv","17.2.3","BSD-2-Clause"
"ee-first","1.1.1","MIT"
"encodeurl","2.0.0","MIT"
"es-errors","1.3.0","MIT"
"escape-html","1.0.3","MIT"
"etag","1.8.1","MIT"
"express-rate-limit","7.5.1","MIT"
"express","5.1.0","MIT"
"finalhandler","2.1.0","MIT"
"forwarded","0.2.0","MIT"
"fresh","2.0.0","MIT"
"get-intrinsic","1.3.0","MIT"
"helmet","7.2.0","MIT"
"http-errors","2.0.0","MIT"
"iconv-lite","0.6.3","MIT"
"iconv-lite","0.7.0","MIT"
"inherits","2.0.4","ISC"
"ipaddr.js","1.9.1","MIT"
"is-promise","4.0.0","MIT"
"media-typer","1.1.0","MIT"
"merge-descriptors","2.0.0","MIT"
"mime-db","1.54.0","MIT"
"mime-types","3.0.1","MIT"
"ms","2.0.0","MIT"
"negotiator","0.6.4","MIT"
"negotiator","1.0.0","MIT"
"object-assign","4.1.1","MIT"
"object-inspect","1.13.4","MIT"
"on-finished","2.4.1","MIT"
"on-headers","1.1.0","MIT"
"once","1.4.0","ISC"
"parseurl","1.3.3","MIT"
"path-to-regexp","8.3.0","MIT"
"proxy-addr","2.0.7","MIT"
"qs","6.14.0","BSD-3-Clause"
"range-parser","1.2.1","MIT"
"raw-body","3.0.1","MIT"
"router","2.2.0","MIT"
"safe-buffer","5.2.1","MIT"
"safer-buffer","2.1.2","MIT"
"send","1.2.0","MIT"
"serve-static","2.2.0","MIT"
"setprototypeof","1.2.0","ISC"
"side-channel-list","1.0.0","MIT"
"side-channel-map","1.0.1","MIT"
"side-channel-weakmap","1.0.2","MIT"
"side-channel","1.1.0","MIT"
"statuses","2.0.1","MIT"
"statuses","2.0.2","MIT"
"toidentifier","1.0.1","MIT"
"type-is","2.0.1","MIT"
"unpipe","1.0.0","MIT"
"uuid","9.0.1","MIT"
"vary","1.1.2","MIT"
"wrappy","1.0.2","ISC"
"ws","8.18.3","MIT"