# OpenTelemetry Metrics report: .csv, 4 fields: 
# <metric name>, <period start, nanoseconds>, <period end, nanoseconds>, <metric value>
# See CsvMetricsExporter for details.
# 
# NAME, PERIOD_START_NANOS, PERIOD_END_NANOS, VALUE
VFS.fileByIdCache.hits,1761290948214000000,1761290972677000000,35
VFS.invertedFileNameIndex.requests,1761290948214000000,1761290972677000000,1
VFS.fileChildByName,1761290948214000000,1761290972677000000,2255641
VFS.fileByIdCache.misses,1761290948214000000,1761290972677000000,158549
VFS.folderCaseSensitivityReads,1761290948214000000,1761290972677000000,100
NonBlockingReadAction.finalizedExecutionTimeUs,1761290948214000000,1761290972677000000,131319
NonBlockingReadAction.failedExecutionTimeUs,1761290948214000000,1761290972677000000,238858
NonBlockingReadAction.finalizedExecutionsCount,1761290948214000000,1761290972677000000,52
NonBlockingReadAction.failedExecutionsCount,1761290948214000000,1761290972677000000,1
AWTEventQueue.dispatchTimeTotalNS,1761290948214000000,1761290972677000000,1718386239
Indexing.cache.totalCacheAccesses,1761290948214000000,1761290972677000000,509153
Indexing.totalTimeIndexersSleptMs,1761290948214000000,1761290972677000000,0
Indexes.allKeys.lookupDuration90PMs,1761290948214000000,1761290972677000000,5.0
Indexes.stubs.lookupDurationMaxMs,1761290948214000000,1761290972677000000,487.0
Indexing.writesQueuedAvg,1761290948214000000,1761290972677000000,0.0
Indexing.writer_0.totalTimeSpentWritingMs,1761290948214000000,1761290972677000000,0
Indexes.entries.lookupDurationMaxMs,1761290948214000000,1761290972677000000,49.0
Indexing.writer_2.totalTimeSpentWritingMs,1761290948214000000,1761290972677000000,0
Indexing.writesQueuedMax,1761290948214000000,1761290972677000000,0
Indexes.stubs.lookupDuration90PMs,1761290948214000000,1761290972677000000,0.0
Indexes.allKeys.lookupDurationAvgMs,1761290948214000000,1761290972677000000,5.0
Indexing.writer_1.totalTimeSpentWritingMs,1761290948214000000,1761290972677000000,0
Indexes.entries.lookups,1761290948214000000,1761290972677000000,10515
Indexing.cache.totalCacheMisses,1761290948214000000,1761290972677000000,48993
Indexing.cache.totalCacheEvicted,1761290948214000000,1761290972677000000,48993
Indexing.writer_3.totalTimeSpentWritingMs,1761290948214000000,1761290972677000000,0
Indexes.allKeys.lookups,1761290948214000000,1761290972677000000,1
Indexing.writesQueuedMin,1761290948214000000,1761290972677000000,0
Indexes.entries.lookupDuration90PMs,1761290948214000000,1761290972677000000,0.0
Indexes.entries.lookupDurationAvgMs,1761290948214000000,1761290972677000000,0.023834393694805812
Indexes.allKeys.lookupDurationMaxMs,1761290948214000000,1761290972677000000,5.0
Indexes.stubs.lookupDurationAvgMs,1761290948214000000,1761290972677000000,0.06732002744711954
Indexes.stubs.lookups,1761290948214000000,1761290972677000000,133058
jps.reload.project.entities.ms,1761290948214000000,1761290972677000000,0
workspaceModel.mutableEntityStorage.entities.by.source.ms,1761290948214000000,1761290972677000000,0
workspaceModel.mutableEntityStorage.modify.entity.ms,1761290948214000000,1761290972677000000,1
workspaceModel.sync.entities.ms,1761290948214000000,1761290972677000000,0
jps.library.entities.serializer.save.entities.ms,1761290948214000000,1761290972677000000,0
jps.project.serializers.load.ms,1761290948214000000,1761290972677000000,36
workspaceModel.orphan.listener.update.ms,1761290948214000000,1761290972677000000,3
jps.global.handle.before.change.events.ms,1761290948214000000,1761290972677000000,0
workspaceModel.mutableEntityStorage.mutable.ext.mapping.ms,1761290948214000000,1761290972677000000,1
workspaceModel.do.save.caches.ms,1761290948214000000,1761290972677000000,107
workspaceModel.moduleBridge.facet.initialization.ms,1761290948214000000,1761290972677000000,12
jps.facet.change.listener.init.bridge.ms,1761290948214000000,1761290972677000000,0
jps.artifact.entities.serializer.load.entities.ms,1761290948214000000,1761290972677000000,0
workspaceModel.global.updates.ms,1761290948214000000,1761290972677000000,4
workspaceModel.mutableEntityStorage.to.snapshot.ms,1761290948214000000,1761290972677000000,1
workspaceModel.moduleManagerBridge.get.modules.ms,1761290948214000000,1761290972677000000,0
jps.module.dependency.index.workspace.model.listener.on.changed.ms,1761290948214000000,1761290972677000000,0
workspaceModel.global.apply.state.to.project.builder.ms,1761290948214000000,1761290972677000000,0
workspaceModel.moduleBridgeLoader.loading.modules.ms,1761290948214000000,1761290972677000000,106
jps.module.iml.entities.serializer.load.entities.ms,1761290948214000000,1761290972677000000,21
workspaceModel.load.cache.metadata.from.file.ms,1761290948214000000,1761290972677000000,9
jps.global.initialize.library.bridges.ms,1761290948214000000,1761290972677000000,0
jps.save.global.entities.ms,1761290948214000000,1761290972677000000,4
workspaceModel.moduleManagerBridge.newModule.ms,1761290948214000000,1761290972677000000,0
workspaceModel.mutableEntityStorage.apply.changes.from.ms,1761290948214000000,1761290972677000000,5
jps.artifact.entities.serializer.save.entities.ms,1761290948214000000,1761290972677000000,0
workspaceModel.mutableEntityStorage.instances.count,1761290948214000000,1761290972677000000,28
jps.load.project.to.empty.storage.ms,1761290948214000000,1761290972677000000,39
workspaceModel.mutableEntityStorage.resolve.ms,1761290948214000000,1761290972677000000,0
workspaceModel.mutableEntityStorage.remove.entity.ms,1761290948214000000,1761290972677000000,0
workspaceModel.mutableEntityStorage.collect.changes.ms,1761290948214000000,1761290972677000000,0
jps.project.serializers.save.ms,1761290948214000000,1761290972677000000,1
workspaceModel.load.cache.from.file.ms,1761290948214000000,1761290972677000000,112
workspaceModel.moduleManagerBridge.create.module.instance.ms,1761290948214000000,1761290972677000000,0
workspaceModel.mutableEntityStorage.mutable.vfurl.index.ms,1761290948214000000,1761290972677000000,0
jps.apply.loaded.storage.ms,1761290948214000000,1761290972677000000,10
workspaceModel.moduleManagerBridge.load.all.modules.ms,1761290948214000000,1761290972677000000,17
workspaceModel.mutableEntityStorage.changeLog.addReplaceEventForRemovedParent.ms,1761290948214000000,1761290972677000000,0
workspaceModel.global.updates.count,1761290948214000000,1761290972677000000,1
jps.save.changed.project.entities.ms,1761290948214000000,1761290972677000000,1
jps.load.initial.state.ms,1761290948214000000,1761290972677000000,7
workspaceModel.moduleBridge.update.option.ms,1761290948214000000,1761290972677000000,0
jps.facet.change.listener.before.change.events.ms,1761290948214000000,1761290972677000000,0
jps.library.entities.serializer.load.entities.ms,1761290948214000000,1761290972677000000,0
workspaceModel.mutableEntityStorage.changeLog.addReplaceEventForNewChild.ms,1761290948214000000,1761290972677000000,1
jps.global.get.library.by.name.ms,1761290948214000000,1761290972677000000,0
workspaceModel.mutableEntityStorage.entities.ms,1761290948214000000,1761290972677000000,0
jps.storage.jps.conf.reader.load.component.ms,1761290948214000000,1761290972677000000,4
workspaceModel.mutableEntityStorage.replace.by.source.ms,1761290948214000000,1761290972677000000,8
workspaceModel.mutableEntityStorage.add.entity.ms,1761290948214000000,1761290972677000000,12
workspaceModel.mutableEntityStorage.referrers.ms,1761290948214000000,1761290972677000000,0
jps.app.storage.content.writer.save.component.ms,1761290948214000000,1761290972677000000,2
jps.app.storage.content.reader.load.component.ms,1761290948214000000,1761290972677000000,0
workspaceModel.moduleManagerBridge.load.module.ms,1761290948214000000,1761290972677000000,0
workspaceModel.save.cache.to.file.ms,1761290948214000000,1761290972677000000,103
workspaceModel.delayed.project.synchronizer.sync.ms,1761290948214000000,1761290972677000000,51
workspaceModel.mutableEntityStorage.has.same.entities.ms,1761290948214000000,1761290972677000000,0
workspaceModel.mutableEntityStorage.put.entity.ms,1761290948214000000,1761290972677000000,5
jps.global.get.library.ms,1761290948214000000,1761290972677000000,0
workspaceModel.mutableEntityStorage.changeLog.addReplaceEventForRemovedChild.ms,1761290948214000000,1761290972677000000,0
workspaceModel.moduleManagerBridge.build.module.graph.ms,1761290948214000000,1761290972677000000,5
workspaceModel.mutableEntityStorage.changeLog.addReplaceEventForNewParent.ms,1761290948214000000,1761290972677000000,0
jps.global.get.libraries.ms,1761290948214000000,1761290972677000000,0
jps.global.initialize.library.bridges.after.loading.ms,1761290948214000000,1761290972677000000,0
workspaceModel.moduleBridge.before.changed.ms,1761290948214000000,1761290972677000000,0
workspaceModel.global.apply.state.to.project.ms,1761290948214000000,1761290972677000000,22
workspaceModel.moduleManagerBridge.set.unloadedModules.ms,1761290948214000000,1761290972677000000,0
jps.module.iml.entities.serializer.save.entities.ms,1761290948214000000,1761290972677000000,0
workspaceModel.moduleManagerBridge.new.nonPersistent.module.ms,1761290948214000000,1761290972677000000,0
jps.global.handle.changed.events.ms,1761290948214000000,1761290972677000000,0
jps.facet.change.listener.process.change.events.ms,1761290948214000000,1761290972677000000,0
FilePageCache.pageLoads,1761290948214000000,1761290972677000000,437
FilePageCache.totalPageDisposalsUs,1761290948214000000,1761290972677000000,1500
FilePageCache.pageLoadsAboveSizeThreshold,1761290948214000000,1761290972677000000,0
DirectByteBufferAllocator.totalSizeOfBuffersAllocatedInBytes,1761290948214000000,1761290972677000000,41943040
FilePageCache.pageHits,1761290948214000000,1761290972677000000,0
DirectByteBufferAllocator.reclaimed,1761290948214000000,1761290972677000000,43
FilePageCache.capacityInBytes,1761290948214000000,1761290972677000000,629145600
StorageLockContext.competingThreads.90P,1761290948214000000,1761290972677000000,0
FilePageCache.totalPageLoadsUs,1761290948214000000,1761290972677000000,457635
FilePageCache.disposedBuffers,1761290948214000000,1761290972677000000,437
FilePageCache.maxCacheSizeInBytes,1761290948214000000,1761290972677000000,455081984
FilePageCache.uncachedFileAccess,1761290948214000000,1761290972677000000,387
DirectByteBufferAllocator.misses,1761290948214000000,1761290972677000000,434
StorageLockContext.competingThreads.max,1761290948214000000,1761290972677000000,6
FilePageCache.maxRegisteredFiles,1761290948214000000,1761290972677000000,945
FileChannelInterruptsRetryer.totalRetriedAttempts,1761290948214000000,1761290972677000000,0
StorageLockContext.competingThreads.avg,1761290948214000000,1761290972677000000,0.14893617021276595
DirectByteBufferAllocator.hits,1761290948214000000,1761290972677000000,3
DirectByteBufferAllocator.disposed,1761290948214000000,1761290972677000000,394
FilePageCache.pageFastCacheHits,1761290948214000000,1761290972677000000,59210
DirectByteBufferAllocator.totalSizeOfBuffersCachedInBytes,1761290948214000000,1761290972677000000,41943040
JVM.totalDirectByteBuffersBytes,1761290948214000000,1761290972677000000,48716472
JVM.usedHeapBytes,1761290948214000000,1761290972677000000,481968224
JVM.newThreadsCount,1761290948214000000,1761290972677000000,184
JVM.committedHeapBytes,1761290948214000000,1761290972677000000,1015021568
JVM.maxThreadCount,1761290948214000000,1761290972677000000,154
JVM.GC.collectionTimesMs,1761290948214000000,1761290972677000000,476
JVM.GC.collections,1761290948214000000,1761290972677000000,59
MEM.ramBytes,1761290948214000000,1761290972677000000,2632278016
JVM.threadCount,1761290948214000000,1761290972677000000,131
JVM.maxHeapBytes,1761290948214000000,1761290972677000000,5754585088
JVM.totalTimeToSafepointsMs,1761290948214000000,1761290972677000000,372
MEM.fileMappingsRamBytes,1761290948214000000,1761290972677000000,496177152
JVM.totalTimeAtSafepointsMs,1761290948214000000,1761290972677000000,691
JVM.totalCpuTimeMs,1761290948214000000,1761290972677000000,92870
JVM.usedNativeBytes,1761290948214000000,1761290972677000000,412043488
MEM.ramMinusFileMappingsBytes,1761290948214000000,1761290972677000000,2136100864
JVM.totalSafepointCount,1761290948214000000,1761290972677000000,505
JVM.totalBytesAllocated,1761290948214000000,1761290972677000000,5468373648
OS.loadAverage,1761290948214000000,1761290972677000000,3.7265625
MEM.ramPlusSwapMinusFileMappingsBytes,1761290948214000000,1761290972677000000,2136100864
cacheStateStorage.set.duration,1761290948214000000,1761290972677000000,54
cacheStateStorage.set.counter,1761290948214000000,1761290972677000000,15
cacheStateStorage.get.counter,1761290948214000000,1761290972677000000,11
cacheStateStorage.get.duration,1761290948214000000,1761290972677000000,0
workspaceModel.full.replace.project.model.ms,1761290948214000000,1761290972677000000,2
workspaceModel.updates.count,1761290948214000000,1761290972677000000,3
workspaceModel.workspaceFileIndexData.getDirectoriesByPackageName.ms,1761290948214000000,1761290972677000000,0
workspaceModel.cachedValue.total.get.count,1761290948214000000,1761290972677000000,218
workspaceModel.updates.precise.ms,1761290948214000000,1761290972677000000,7
workspaceModel.cachedValueWithParameters.calculated.count,1761290948214000000,1761290972677000000,0
workspaceModel.pre.handlers.ms,1761290948214000000,1761290972677000000,0
workspaceModel.loading.total.ms,1761290948214000000,1761290972677000000,110
workspaceModel.cachedValue.clear.count,1761290948214000000,1761290972677000000,0
workspaceModel.cachedValueWithParameters.from.cache.count,1761290948214000000,1761290972677000000,0
workspaceModel.updates.ms,1761290948214000000,1761290972677000000,26
workspaceModel.to.snapshot.ms,1761290948214000000,1761290972677000000,0
workspaceModel.cachedValue.calculated.count,1761290948214000000,1761290972677000000,12
workspaceModel.workspaceFileIndexData.getPackageName.ms,1761290948214000000,1761290972677000000,0
workspaceModel.replace.project.model.ms,1761290948214000000,1761290972677000000,0
workspaceModel.workspaceFileIndexData.processFileSets.ms,1761290948214000000,1761290972677000000,0
workspaceModel.cachedValueWithParameters.total.get.count,1761290948214000000,1761290972677000000,0
workspaceModel.cachedValue.from.cache.count,1761290948214000000,1761290972677000000,206
workspaceModel.workspaceFileIndexData.updateDirtyEntities.ms,1761290948214000000,1761290972677000000,0
workspaceModel.loading.from.cache.ms,1761290948214000000,1761290972677000000,105
workspaceModel.on.before.changed.ms,1761290948214000000,1761290972677000000,13
workspaceModel.entityStorageSnapshotImpl.instances.count,1761290948214000000,1761290972677000000,20
workspaceModel.init.bridges.ms,1761290948214000000,1761290972677000000,1
workspaceModel.cachedValueWithParameters.clear.count,1761290948214000000,1761290972677000000,0
workspaceModel.workspaceFileIndexData.markDirty.ms,1761290948214000000,1761290972677000000,0
workspaceModel.check.recursive.update.ms,1761290948214000000,1761290972677000000,1
workspaceModel.update.unloaded.entities.ms,1761290948214000000,1761290972677000000,0
workspaceModel.workspaceFileIndexData.instances.count,1761290948214000000,1761290972677000000,1
workspaceModel.workspaceFileIndexData.onEntitiesChanged.ms,1761290948214000000,1761290972677000000,0
workspaceModel.on.changed.ms,1761290948214000000,1761290972677000000,5
workspaceModel.initializing.ms,1761290948214000000,1761290972677000000,1
workspaceModel.collect.changes.ms,1761290948214000000,1761290972677000000,0
workspaceModel.workspaceFileIndexContributor.registerFileSets.ms,1761290948214000000,1761290972677000000,199
workspaceModel.workspaceFileIndexData.init.ms,1761290948214000000,1761290972677000000,102
workspaceModel.workspaceFileIndexData.getFileInfo.ms,1761290948214000000,1761290972677000000,511
workspaceModel.workspaceFileIndexData.visitFileSets.ms,1761290948214000000,1761290972677000000,36
parser.textmate.time.ns,1761290948214000000,1761290972677000000,78292
parser.IgnoreLang.time.ns,1761290948214000000,1761290972677000000,8823750
lexer.IgnoreLang.time.ns,1761290948214000000,1761290972677000000,3791792
parser.CSS.size.bytes,1761290948214000000,1761290972677000000,217008
parser.RELAX-NG.time.ns,1761290948214000000,1761290972677000000,1035625
parser.RELAX-NG.size.bytes,1761290948214000000,1761290972677000000,117
parser.ECMAScript.6.size.bytes,1761290948214000000,1761290972677000000,1139841
parser.DTD.time.ns,1761290948214000000,1761290972677000000,18661166
lexer.JQuery-CSS.time.ns,1761290948214000000,1761290972677000000,6094916
parser.textmate.size.bytes,1761290948214000000,1761290972677000000,1290
lexer.SVG.size.bytes,1761290948214000000,1761290972677000000,4928
parser.ECMAScript.6.time.ns,1761290948214000000,1761290972677000000,281707481
writeAction.count,1761290948214000000,1761290972677000000,26
lexer.Shell.Script.size.bytes,1761290948214000000,1761290972677000000,35057
lexer.TypeScript.time.ns,1761290948214000000,1761290972677000000,15626335
parser.HTML.size.bytes,1761290948214000000,1761290972677000000,237518
parser.JSRegexp.time.ns,1761290948214000000,1761290972677000000,6256417
parser.SVG.size.bytes,1761290948214000000,1761290972677000000,4928
lexer.RELAX-NG.time.ns,1761290948214000000,1761290972677000000,1040375
lexer.CSS.size.bytes,1761290948214000000,1761290972677000000,217008
writeAction.max.wait.ms,1761290948214000000,1761290972677000000,171
parser.JSON.time.ns,1761290948214000000,1761290972677000000,197474417
parser.IgnoreLang.size.bytes,1761290948214000000,1761290972677000000,3522
DiskQueryRelay.taskExecutionTotalTimeUs,1761290948214000000,1761290972677000000,3547693
parser.yaml.time.ns,1761290948214000000,1761290972677000000,2353333
parser.JQuery-CSS.size.bytes,1761290948214000000,1761290972677000000,660
DiskQueryRelay.tasksRequested,1761290948214000000,1761290972677000000,7553
parser.CSS.time.ns,1761290948214000000,1761290972677000000,114735155
lexer.HTML.time.ns,1761290948214000000,1761290972677000000,73484750
lexer.SVG.time.ns,1761290948214000000,1761290972677000000,7090834
lexer.JSRegexp.time.ns,1761290948214000000,1761290972677000000,1317416
lexer.HTML.size.bytes,1761290948214000000,1761290972677000000,237518
parser.TypeScript.time.ns,1761290948214000000,1761290972677000000,74866072
lexer.JSRegexp.size.bytes,1761290948214000000,1761290972677000000,187
writeAction.wait.ms,1761290948214000000,1761290972677000000,202
lexer.ECMAScript.6.size.bytes,1761290948214000000,1761290972677000000,389141
parser.SVG.time.ns,1761290948214000000,1761290972677000000,3344166
parser.Shell.Script.size.bytes,1761290948214000000,1761290972677000000,35057
writeAction.median.wait.ms,1761290948214000000,1761290972677000000,100
DiskQueryRelay.taskWaitingTotalTimeUs,1761290948214000000,1761290972677000000,4095800
parser.TypeScript.size.bytes,1761290948214000000,1761290972677000000,167974
lexer.DTD.time.ns,1761290948214000000,1761290972677000000,13374458
lexer.textmate.size.bytes,1761290948214000000,1761290972677000000,1290
lexer.JSON.size.bytes,1761290948214000000,1761290972677000000,1118110
parser.Shell.Script.time.ns,1761290948214000000,1761290972677000000,131261917
lexer.ECMAScript.6.time.ns,1761290948214000000,1761290972677000000,56336707
parser.DTD.size.bytes,1761290948214000000,1761290972677000000,63096
lexer.yaml.time.ns,1761290948214000000,1761290972677000000,1174915
parser.JSON.size.bytes,1761290948214000000,1761290972677000000,1118110
lexer.Shell.Script.time.ns,1761290948214000000,1761290972677000000,9249584
parser.JSRegexp.size.bytes,1761290948214000000,1761290972677000000,187
lexer.textmate.time.ns,1761290948214000000,1761290972677000000,5750
parser.JQuery-CSS.time.ns,1761290948214000000,1761290972677000000,1645625
lexer.yaml.size.bytes,1761290948214000000,1761290972677000000,5116
lexer.CSS.time.ns,1761290948214000000,1761290972677000000,34237500
parser.HTML.time.ns,1761290948214000000,1761290972677000000,26510334
lexer.JQuery-CSS.size.bytes,1761290948214000000,1761290972677000000,660
lexer.JSON.time.ns,1761290948214000000,1761290972677000000,22019291
lexer.IgnoreLang.size.bytes,1761290948214000000,1761290972677000000,3522
lexer.RELAX-NG.size.bytes,1761290948214000000,1761290972677000000,117
parser.yaml.size.bytes,1761290948214000000,1761290972677000000,5116
DiskQueryRelay.tasksExecuted,1761290948214000000,1761290972677000000,7553
lexer.DTD.size.bytes,1761290948214000000,1761290972677000000,63096
lexer.TypeScript.size.bytes,1761290948214000000,1761290972677000000,87145
